,AAPL,MSFT,GOOGL,TSLA,JPM,PFE,WMT,VTI
AAPL,1.0,0.7009879366071082,0.6167026942577596,0.4751297553877415,0.4232633787765453,0.284856752263036,0.35440384515301393,0.7643204625991419
MSFT,0.7009879366071082,1.0,0.6953231534367683,0.43602974156564017,0.42874140750968726,0.27758919365020224,0.3647837684556366,0.7892557724382502
GOOGL,0.6167026942577596,0.6953231534367683,1.0,0.4075845328347915,0.40364980540364476,0.23217845154975003,0.26953440389844374,0.7106072127563413
TSLA,0.4751297553877415,0.43602974156564017,0.4075845328347915,1.0,0.2949931683714611,0.08957318661498873,0.1677846950842169,0.5288014596139371
JPM,0.4232633787765453,0.42874140750968726,0.40364980540364476,0.2949931683714611,1.0,0.3215440859569193,0.2660073268247134,0.716263181180006
PFE,0.284856752263036,0.27758919365020224,0.23217845154975003,0.08957318661498873,0.3215440859569193,1.0,0.22922868265545654,0.4010128728001652
WMT,0.35440384515301393,0.3647837684556366,0.26953440389844374,0.1677846950842169,0.2660073268247134,0.22922868265545654,1.0,0.42150453165293345
VTI,0.7643204625991419,0.7892557724382502,0.7106072127563413,0.5288014596139371,0.716263181180006,0.4010128728001652,0.42150453165293345,1.0
